"filename";"url"
"20200930-hbo-5-button-wyprobuj";"https://toya.net.pl/static-content/images/20200930-hbo-5-button-wyprobuj"
"20200930-hbo-5-img-movie-01";"https://toya.net.pl/static-content/images/20200930-hbo-5-img-movie-01"
"20200930-hbo-5-img-movie-02";"https://toya.net.pl/static-content/images/20200930-hbo-5-img-movie-02"
"20200930-hbo-5-img-movie-03";"https://toya.net.pl/static-content/images/20200930-hbo-5-img-movie-03"
"20200930-hbo-5-img-main02";"https://toya.net.pl/static-content/images/20200930-hbo-5-img-main02"
"20200930-hbo-5-img-movie-04";"https://toya.net.pl/static-content/images/20200930-hbo-5-img-movie-04"
"20200930-hbo-5-img-main01";"https://toya.net.pl/static-content/images/20200930-hbo-5-img-main01"
"20200930-hbo-5-img-movie-05";"https://toya.net.pl/static-content/images/20200930-hbo-5-img-movie-05"
"20200930-hbo-5-img-movie-06";"https://toya.net.pl/static-content/images/20200930-hbo-5-img-movie-06"
"20200930-hbo-5-img-movie-07";"https://toya.net.pl/static-content/images/20200930-hbo-5-img-movie-07"
"20200930-hbo-5-img-movie-08";"https://toya.net.pl/static-content/images/20200930-hbo-5-img-movie-08"
"20200930-hbo-5-img-movie-09";"https://toya.net.pl/static-content/images/20200930-hbo-5-img-movie-09"
"20200930-hbo-5-img-movie-10";"https://toya.net.pl/static-content/images/20200930-hbo-5-img-movie-10"
"20200930-hbo-5-img-movie-11";"https://toya.net.pl/static-content/images/20200930-hbo-5-img-movie-11"
"20200930-hbo-5-img-movie-12";"https://toya.net.pl/static-content/images/20200930-hbo-5-img-movie-12"
"20200930-hbo-5-img-movie-13";"https://toya.net.pl/static-content/images/20200930-hbo-5-img-movie-13"
"20200930-hbo-5-img-movie-15";"https://toya.net.pl/static-content/images/20200930-hbo-5-img-movie-15"
"20200930-hbo-5-img-movie-14";"https://toya.net.pl/static-content/images/20200930-hbo-5-img-movie-14"
"20200930-hbo-5-img-movie-16";"https://toya.net.pl/static-content/images/20200930-hbo-5-img-movie-16"
"20200930-hbo-5-logo-toya";"https://toya.net.pl/static-content/images/20200930-hbo-5-logo-toya"
"20200930-hbo-5-logo-hbo";"https://toya.net.pl/static-content/images/20200930-hbo-5-logo-hbo"
"20200930-hbo-5-txt-ogladaj-w-hbogo-od";"https://toya.net.pl/static-content/images/20200930-hbo-5-txt-ogladaj-w-hbogo-od"
"20200930-hbo-5-txt-pelne-sezony-kultowych-seriali";"https://toya.net.pl/static-content/images/20200930-hbo-5-txt-pelne-sezony-kultowych-seriali"
"20200930-hbo-5-txt-sekcja-disney-z-filmami-dla-twojego-dziecka";"https://toya.net.pl/static-content/images/20200930-hbo-5-txt-sekcja-disney-z-filmami-dla-twojego-dziecka"
"20200930-hbo-5-txt-sprawdz-styczniowe-premiery";"https://toya.net.pl/static-content/images/20200930-hbo-5-txt-sprawdz-styczniowe-premiery"
"20200930-hbo-5-txt-ogladaj-w-styczniu-w-hbo-i-hbogo";"https://toya.net.pl/static-content/images/20200930-hbo-5-txt-ogladaj-w-styczniu-w-hbo-i-hbogo"
"20200930-hbo-5-txt-w-tym-miesiacu-mamy-dla-ciebei-jeszcze-wiecej-pozycji-filmowych";"https://toya.net.pl/static-content/images/20200930-hbo-5-txt-w-tym-miesiacu-mamy-dla-ciebei-jeszcze-wiecej-pozycji-filmowych"